<?xml version="1.0" encoding="UTF-8"?><CodeSystem xmlns="http://hl7.org/fhir"><id value="EventoAdversoVacunaCS"/><text><status value="generated"/><div xmlns="http://www.w3.org/1999/xhtml"><p>This code system http://paho.org/esavi/CodeSystem/EventoAdversoVacunaCS defines the following codes:</p><table class="codes"><tr><td style="white-space:nowrap"><b>Code</b></td><td><b>Display</b></td></tr><tr><td style="white-space:nowrap">1<a name="EventoAdversoVacunaCS-1"> </a></td><td>Fiebre mayor a 38°C</td></tr><tr><td style="white-space:nowrap">2<a name="EventoAdversoVacunaCS-2"> </a></td><td>Dolor en el sitio de la inyección</td></tr><tr><td style="white-space:nowrap">3<a name="EventoAdversoVacunaCS-3"> </a></td><td>Eritema en el sitio de la inyección</td></tr><tr><td style="white-space:nowrap">4<a name="EventoAdversoVacunaCS-4"> </a></td><td>Inflamación en el sitio de la inyección</td></tr><tr><td style="white-space:nowrap">5<a name="EventoAdversoVacunaCS-5"> </a></td><td>Cefalea</td></tr><tr><td style="white-space:nowrap">6<a name="EventoAdversoVacunaCS-6"> </a></td><td>Convulsiones febriles</td></tr><tr><td style="white-space:nowrap">7<a name="EventoAdversoVacunaCS-7"> </a></td><td>Absceso</td></tr><tr><td style="white-space:nowrap">8<a name="EventoAdversoVacunaCS-8"> </a></td><td>Linfadenitis</td></tr><tr><td style="white-space:nowrap">9<a name="EventoAdversoVacunaCS-9"> </a></td><td>Encefalopatía</td></tr><tr><td style="white-space:nowrap">10<a name="EventoAdversoVacunaCS-10"> </a></td><td>Encefalitis</td></tr><tr><td style="white-space:nowrap">11<a name="EventoAdversoVacunaCS-11"> </a></td><td>Trombocitopenia</td></tr><tr><td style="white-space:nowrap">12<a name="EventoAdversoVacunaCS-12"> </a></td><td>Anafilaxis</td></tr><tr><td style="white-space:nowrap">13<a name="EventoAdversoVacunaCS-13"> </a></td><td>Síndrome de shock tóxico</td></tr><tr><td style="white-space:nowrap">14<a name="EventoAdversoVacunaCS-14"> </a></td><td>Sepsis</td></tr><tr><td style="white-space:nowrap">0<a name="EventoAdversoVacunaCS-0"> </a></td><td>Otro</td></tr></table></div></text><url value="http://paho.org/esavi/CodeSystem/EventoAdversoVacunaCS"/><version value="0.5.0"/><name value="EventoAdversoVacunaCS"/><title value="Eventos Adversos"/><status value="active"/><date value="2021-10-03T10:17:18-03:00"/><publisher value="PAHO"/><contact><name value="PAHO"/><telecom><system value="url"/><value value="https://covid-19pharmacovigilance.paho.org"/></telecom><telecom><system value="email"/><value value="privadadngiss@msal.gov.ar"/></telecom></contact><description value="Eventos Adversos"/><content value="complete"/><count value="15"/><concept><code value="1"/><display value="Fiebre mayor a 38&#xB0;C"/></concept><concept><code value="2"/><display value="Dolor en el sitio de la inyecci&#xF3;n"/></concept><concept><code value="3"/><display value="Eritema en el sitio de la inyecci&#xF3;n"/></concept><concept><code value="4"/><display value="Inflamaci&#xF3;n en el sitio de la inyecci&#xF3;n"/></concept><concept><code value="5"/><display value="Cefalea"/></concept><concept><code value="6"/><display value="Convulsiones febriles"/></concept><concept><code value="7"/><display value="Absceso"/></concept><concept><code value="8"/><display value="Linfadenitis"/></concept><concept><code value="9"/><display value="Encefalopat&#xED;a"/></concept><concept><code value="10"/><display value="Encefalitis"/></concept><concept><code value="11"/><display value="Trombocitopenia"/></concept><concept><code value="12"/><display value="Anafilaxis"/></concept><concept><code value="13"/><display value="S&#xED;ndrome de shock t&#xF3;xico"/></concept><concept><code value="14"/><display value="Sepsis"/></concept><concept><code value="0"/><display value="Otro"/></concept></CodeSystem>