<?xml version="1.0" encoding="UTF-8"?><CodeSystem xmlns="http://hl7.org/fhir"><id value="RespuestaSiNoNosabeCS"/><text><status value="generated"/><div xmlns="http://www.w3.org/1999/xhtml"><p>This code system http://paho.org/esavi/CodeSystem/RespuestaSiNoNosabeCS defines the following codes:</p><table class="codes"><tr><td style="white-space:nowrap"><b>Code</b></td><td><b>Display</b></td></tr><tr><td style="white-space:nowrap">1<a name="RespuestaSiNoNosabeCS-1"> </a></td><td>Si</td></tr><tr><td style="white-space:nowrap">2<a name="RespuestaSiNoNosabeCS-2"> </a></td><td>No</td></tr><tr><td style="white-space:nowrap">3<a name="RespuestaSiNoNosabeCS-3"> </a></td><td>No sabe</td></tr></table></div></text><url value="http://paho.org/esavi/CodeSystem/RespuestaSiNoNosabeCS"/><version value="0.5.0"/><name value="RespuestaSiNoNosabeCS"/><title value="Respuestas Si/No/No Sabe"/><status value="active"/><date value="2021-10-03T10:17:18-03:00"/><publisher value="PAHO"/><contact><name value="PAHO"/><telecom><system value="url"/><value value="https://covid-19pharmacovigilance.paho.org"/></telecom><telecom><system value="email"/><value value="privadadngiss@msal.gov.ar"/></telecom></contact><description value="Respuestas Si/No/No Sabe"/><content value="complete"/><count value="3"/><concept><code value="1"/><display value="Si"/></concept><concept><code value="2"/><display value="No"/></concept><concept><code value="3"/><display value="No sabe"/></concept></CodeSystem>