<?xml version="1.0" encoding="UTF-8"?><ImplementationGuide xmlns="http://hl7.org/fhir"><id value="uv.aefi"/><language value="es-AR"/><text><status value="extensions"/><div xmlns="http://www.w3.org/1999/xhtml" xml:lang="es-AR" lang="es-AR"><h2>AEFI</h2><p>The official URL for this implementation guide is: </p><pre>http://covid-19pharmacovigilance.paho.org/resources/ImplementationGuide/uv.aefi</pre></div></text><url value="http://covid-19pharmacovigilance.paho.org/resources/ImplementationGuide/uv.aefi"/><version value="0.5.0"/><name value="AEFI"/><status value="draft"/><date value="2021-10-03T10:17:18-03:00"/><publisher value="PAHO"/><contact><name value="PAHO"/><telecom><system value="url"/><value value="https://covid-19pharmacovigilance.paho.org"/></telecom><telecom><system value="email"/><value value="privadadngiss@msal.gov.ar"/></telecom></contact><packageId value="uv.aefi"/><license value="CC0-1.0"/><fhirVersion value="4.0.1"/><definition><extension url="http://hl7.org/fhir/tools/StructureDefinition/ig-parameter"><extension url="code"><valueString value="copyrightyear"/></extension><extension url="value"><valueString value="2021+"/></extension></extension><extension url="http://hl7.org/fhir/tools/StructureDefinition/ig-parameter"><extension url="code"><valueString value="releaselabel"/></extension><extension url="value"><valueString value="ci-build"/></extension></extension><extension url="http://hl7.org/fhir/tools/StructureDefinition/ig-parameter"><extension url="code"><valueString value="path-liquid"/></extension><extension url="value"><valueString value="template/liquid"/></extension></extension><extension url="http://hl7.org/fhir/tools/StructureDefinition/ig-parameter"><extension url="code"><valueString value="path-liquid"/></extension><extension url="value"><valueString value="input/liquid"/></extension></extension><extension url="http://hl7.org/fhir/tools/StructureDefinition/ig-parameter"><extension url="code"><valueString value="path-qa"/></extension><extension url="value"><valueString value="temp/qa"/></extension></extension><extension url="http://hl7.org/fhir/tools/StructureDefinition/ig-parameter"><extension url="code"><valueString value="path-temp"/></extension><extension url="value"><valueString value="temp/pages"/></extension></extension><extension url="http://hl7.org/fhir/tools/StructureDefinition/ig-parameter"><extension url="code"><valueString value="path-output"/></extension><extension url="value"><valueString value="output"/></extension></extension><extension url="http://hl7.org/fhir/tools/StructureDefinition/ig-parameter"><extension url="code"><valueString value="path-suppressed-warnings"/></extension><extension url="value"><valueString value="input/ignoreWarnings.txt"/></extension></extension><extension url="http://hl7.org/fhir/tools/StructureDefinition/ig-parameter"><extension url="code"><valueString value="path-history"/></extension><extension url="value"><valueString value="http://covid-19pharmacovigilance.paho.org/resources/history.html"/></extension></extension><extension url="http://hl7.org/fhir/tools/StructureDefinition/ig-parameter"><extension url="code"><valueString value="template-html"/></extension><extension url="value"><valueString value="template-page.html"/></extension></extension><extension url="http://hl7.org/fhir/tools/StructureDefinition/ig-parameter"><extension url="code"><valueString value="template-md"/></extension><extension url="value"><valueString value="template-page-md.html"/></extension></extension><extension url="http://hl7.org/fhir/tools/StructureDefinition/ig-parameter"><extension url="code"><valueString value="apply-contact"/></extension><extension url="value"><valueString value="true"/></extension></extension><extension url="http://hl7.org/fhir/tools/StructureDefinition/ig-parameter"><extension url="code"><valueString value="apply-context"/></extension><extension url="value"><valueString value="true"/></extension></extension><extension url="http://hl7.org/fhir/tools/StructureDefinition/ig-parameter"><extension url="code"><valueString value="apply-copyright"/></extension><extension url="value"><valueString value="true"/></extension></extension><extension url="http://hl7.org/fhir/tools/StructureDefinition/ig-parameter"><extension url="code"><valueString value="apply-jurisdiction"/></extension><extension url="value"><valueString value="true"/></extension></extension><extension url="http://hl7.org/fhir/tools/StructureDefinition/ig-parameter"><extension url="code"><valueString value="apply-license"/></extension><extension url="value"><valueString value="true"/></extension></extension><extension url="http://hl7.org/fhir/tools/StructureDefinition/ig-parameter"><extension url="code"><valueString value="apply-publisher"/></extension><extension url="value"><valueString value="true"/></extension></extension><extension url="http://hl7.org/fhir/tools/StructureDefinition/ig-parameter"><extension url="code"><valueString value="apply-version"/></extension><extension url="value"><valueString value="true"/></extension></extension><extension url="http://hl7.org/fhir/tools/StructureDefinition/ig-parameter"><extension url="code"><valueString value="active-tables"/></extension><extension url="value"><valueString value="true"/></extension></extension><grouping id="-str-logicalmodel"><name value="Structures: Logical Models"/><description value="These define data models that represent the domain covered by this implementation guide in more business-friendly terms than the underlying FHIR resources."/></grouping><grouping id="-str-profile"><name value="Structures: Resource Profiles"/><description value="These define constraints on FHIR resources for systems conforming to this implementation guide"/></grouping><grouping id="-term-valueset"><name value="Terminology: Value Sets"/><description value="These define sets of codes used by systems conforming to this implementation guide"/></grouping><grouping id="-term-codesystem"><name value="Terminology: Code Systems"/><description value="These define new code systems used by systems conforming to this implementation guide"/></grouping><grouping id="-ex-example"><name value="Example: Example Instances"/><description value="These are example instances that show what data produced and consumed by systems conforming with this implementation guide might look like"/></grouping><resource><extension url="http://hl7.org/fhir/StructureDefinition/implementationguide-page"><valueUri value="CodeSystem-GrupoEtnicoCS.html"/></extension><reference><reference value="CodeSystem/GrupoEtnicoCS"/></reference><name value="Conjunto de Valores para Grupo Etnico"/><description value="Conjunto de Valores para Grupo Etnico"/><exampleBoolean value="false"/><groupingId value="-term-codesystem"/></resource><resource><extension url="http://hl7.org/fhir/StructureDefinition/implementationguide-page"><valueUri value="CodeSystem-ModoVerificacionVacunaCS.html"/></extension><reference><reference value="CodeSystem/ModoVerificacionVacunaCS"/></reference><name value="Modo de Verificacion de Vacuna"/><description value="Modo de Verificacion de Vacuna"/><exampleBoolean value="false"/><groupingId value="-term-codesystem"/></resource><resource><extension url="http://hl7.org/fhir/StructureDefinition/implementationguide-page"><valueUri value="CodeSystem-EventoAdversoVacunaCS.html"/></extension><reference><reference value="CodeSystem/EventoAdversoVacunaCS"/></reference><name value="Tipo de Evento Adverso de Vacuna"/><description value="Tipo de Evento de Adverso de Vacuna"/><exampleBoolean value="false"/><groupingId value="-term-codesystem"/></resource><resource><extension url="http://hl7.org/fhir/StructureDefinition/implementationguide-page"><valueUri value="CodeSystem-ClasificacionDesenlaceCS.html"/></extension><reference><reference value="CodeSystem/ClasificacionDesenlaceCS"/></reference><name value="Codigo de Clasificacion de Desenlace"/><description value="Codigo de Clasificacion de Desenlace"/><exampleBoolean value="false"/><groupingId value="-term-codesystem"/></resource><resource><extension url="http://hl7.org/fhir/StructureDefinition/implementationguide-page"><valueUri value="CodeSystem-InvestigacionTipoCS.html"/></extension><reference><reference value="CodeSystem/InvestigacionTipoCS"/></reference><name value="Tipo de Investigaci&#xF3;n Requerida"/><description value="Tipo de Investigaci&#xF3;n Requerida"/><exampleBoolean value="false"/><groupingId value="-term-codesystem"/></resource><resource><extension url="http://hl7.org/fhir/StructureDefinition/implementationguide-page"><valueUri value="ValueSet-ModoVerificacionVacunaVS.html"/></extension><reference><reference value="ValueSet/ModoVerificacionVacunaVS"/></reference><name value="Conjunto de Valores para Modo de Verificacion de Vacuna"/><description value="Conjunto de Valores para Modo de Verificacion de Vacuna"/><exampleBoolean value="false"/><groupingId value="-term-valueset"/></resource><resource><extension url="http://hl7.org/fhir/StructureDefinition/implementationguide-page"><valueUri value="CodeSystem-ModoConfirmacionInfeccionCS.html"/></extension><reference><reference value="CodeSystem/ModoConfirmacionInfeccionCS"/></reference><name value="C&#xF3;digos para Modo de Confirmaci&#xF3;n de Infecci&#xF3;n"/><description value="C&#xF3;digos para Modo de Confirmaci&#xF3;n de Infecci&#xF3;n"/><exampleBoolean value="false"/><groupingId value="-term-codesystem"/></resource><resource><extension url="http://hl7.org/fhir/StructureDefinition/implementationguide-page"><valueUri value="ValueSet-EventoAdversoVacunaVS.html"/></extension><reference><reference value="ValueSet/EventoAdversoVacunaVS"/></reference><name value="Conjunto de Valores para Tipo de Evento Adverso"/><description value="Conjunto de Valores para Tipo de Evento Adverso"/><exampleBoolean value="false"/><groupingId value="-term-valueset"/></resource><resource><extension url="http://hl7.org/fhir/StructureDefinition/implementationguide-page"><valueUri value="ValueSet-EventoAdversoCodificacionVS.html"/></extension><reference><reference value="ValueSet/EventoAdversoCodificacionVS"/></reference><name value="Conjunto de Valores para Codificacion Estandarizada de Evento Adverso"/><description value="Conjunto de Valores para Codificacion Estandarizada de Evento Adverso"/><exampleBoolean value="false"/><groupingId value="-term-valueset"/></resource><resource><extension url="http://hl7.org/fhir/StructureDefinition/implementationguide-page"><valueUri value="ValueSet-ClasificacionDesenlaceVS.html"/></extension><reference><reference value="ValueSet/ClasificacionDesenlaceVS"/></reference><name value="Conjunto de Valores para Clasificacion de Desenlace"/><description value="Conjunto de Valores para Clasificacion de Desenlace"/><exampleBoolean value="false"/><groupingId value="-term-valueset"/></resource><resource><extension url="http://hl7.org/fhir/StructureDefinition/implementationguide-page"><valueUri value="ValueSet-InvestigacionTipoVS.html"/></extension><reference><reference value="ValueSet/InvestigacionTipoVS"/></reference><name value="Conjunto de Valores para Tipo de Investigaci&#xF3;n"/><description value="Conjunto de Valores para Tipo de Investigaci&#xF3;n"/><exampleBoolean value="false"/><groupingId value="-term-valueset"/></resource><resource><extension url="http://hl7.org/fhir/StructureDefinition/implementationguide-page"><valueUri value="CodeSystem-RespuestaVerdaderoFalsoCS.html"/></extension><reference><reference value="CodeSystem/RespuestaVerdaderoFalsoCS"/></reference><name value="Conjunto de Valores Verdadero/Falso para Cuestionarios"/><description value="Conjunto de Valores Verdadero/Falso para Cuestionarios"/><exampleBoolean value="false"/><groupingId value="-term-codesystem"/></resource><resource><extension url="http://hl7.org/fhir/StructureDefinition/implementationguide-page"><valueUri value="CodeSystem-RespuestaSiNoNosabeCS.html"/></extension><reference><reference value="CodeSystem/RespuestaSiNoNosabeCS"/></reference><name value="Conjunto de Valores Si / No / No Sabe para Cuestionarios"/><description value="Conjunto de Valores Si / No / No Sabe para Cuestionarios"/><exampleBoolean value="false"/><groupingId value="-term-codesystem"/></resource><resource><extension url="http://hl7.org/fhir/StructureDefinition/implementationguide-page"><valueUri value="ValueSet-RespuestaSiNoNosabeVS.html"/></extension><reference><reference value="ValueSet/RespuestaSiNoNosabeVS"/></reference><name value="Conjunto de Valores Si / No / No Sabe para Cuestionarios"/><description value="Conjunto de Valores Si / No / No Sabe para Cuestionarios"/><exampleBoolean value="false"/><groupingId value="-term-valueset"/></resource><resource><extension url="http://hl7.org/fhir/StructureDefinition/implementationguide-page"><valueUri value="ValueSet-GrupoEtnicoVS.html"/></extension><reference><reference value="ValueSet/GrupoEtnicoVS"/></reference><name value="Conjunto de Valores Validos para Grupo Etnico"/><description value="Conjunto de Valores Validos para Grupo Etnico"/><exampleBoolean value="false"/><groupingId value="-term-valueset"/></resource><resource><extension url="http://hl7.org/fhir/StructureDefinition/implementationguide-page"><valueUri value="ValueSet-RespuestaVerdaderoFalsoVS.html"/></extension><reference><reference value="ValueSet/RespuestaVerdaderoFalsoVS"/></reference><name value="Conjunto de Valores Validos para Verdadero/Falso"/><description value="Conjunto de Valores Validos para Verdadero/Falso"/><exampleBoolean value="false"/><groupingId value="-term-valueset"/></resource><resource><extension url="http://hl7.org/fhir/StructureDefinition/implementationguide-page"><valueUri value="ValueSet-ModoConfirmacionInfeccionVS.html"/></extension><reference><reference value="ValueSet/ModoConfirmacionInfeccionVS"/></reference><name value="Conjunto de Valores Validos para Modo Confirmacion de Infeccion"/><description value="Conjunto de Valores Validos para Modo Confirmacion de Infeccion"/><exampleBoolean value="false"/><groupingId value="-term-valueset"/></resource><resource><extension url="http://hl7.org/fhir/StructureDefinition/implementationguide-page"><valueUri value="StructureDefinition-esavi-response-antecedentes.html"/></extension><reference><reference value="StructureDefinition/esavi-response-antecedentes"/></reference><name value="Antecedentes Persona Vacunada"/><description value="Perfil de Persona Vacunada"/><exampleBoolean value="false"/><groupingId value="-str-profile"/></resource><resource><extension url="http://hl7.org/fhir/StructureDefinition/implementationguide-page"><valueUri value="StructureDefinition-Practitioner-esavi.html"/></extension><reference><reference value="StructureDefinition/Practitioner-esavi"/></reference><name value="Persona Notificadora"/><description value="Perfil de Persona Notificadora"/><exampleBoolean value="false"/><groupingId value="-str-profile"/></resource><resource><extension url="http://hl7.org/fhir/StructureDefinition/implementationguide-page"><valueUri value="StructureDefinition-Patient-esavi.html"/></extension><reference><reference value="StructureDefinition/Patient-esavi"/></reference><name value="Paciente AEFI"/><description value="Perfil de Paciente AEFI"/><exampleBoolean value="false"/><groupingId value="-str-profile"/></resource><resource><extension url="http://hl7.org/fhir/StructureDefinition/implementationguide-page"><valueUri value="StructureDefinition-Composition-esavi.html"/></extension><reference><reference value="StructureDefinition/Composition-esavi"/></reference><name value="Documento para Notificaci&#xF3;n ESAVI"/><description value="Perfil de Documento para Notificaci&#xF3;n ESAVI"/><exampleBoolean value="false"/><groupingId value="-str-profile"/></resource><resource><extension url="http://hl7.org/fhir/StructureDefinition/implementationguide-page"><valueUri value="StructureDefinition-NotificacionESAVI.html"/></extension><reference><reference value="StructureDefinition/NotificacionESAVI"/></reference><name value="Modelo Logico de Notificacion ESAVI"/><description value="Modelo Logico de Notificacion ESAVI"/><exampleBoolean value="false"/><groupingId value="-str-logicalmodel"/></resource><resource><extension url="http://hl7.org/fhir/StructureDefinition/implementationguide-page"><valueUri value="Composition-NotificacionESAVIEjemplo.html"/></extension><reference><reference value="Composition/NotificacionESAVIEjemplo"/></reference><name value="Ejemplo de Reporte de Notificaci&#xF3;n ESAVI"/><description value="Ejemplo de Reporte de Notificaci&#xF3;n ESAVI"/><exampleBoolean value="true"/><groupingId value="-ex-example"/></resource><resource><extension url="http://hl7.org/fhir/StructureDefinition/implementationguide-page"><valueUri value="Patient-PersonaAfectadaEjemplo.html"/></extension><reference><reference value="Patient/PersonaAfectadaEjemplo"/></reference><name value="Ejemplo de Persona Afectada ESAVI"/><description value="Ejemplo de Persona Afectada ESAVI"/><exampleBoolean value="true"/><groupingId value="-ex-example"/></resource><resource><extension url="http://hl7.org/fhir/StructureDefinition/implementationguide-page"><valueUri value="Practitioner-PersonaNotificadoraEjemplo.html"/></extension><reference><reference value="Practitioner/PersonaNotificadoraEjemplo"/></reference><name value="Ejemplo de Persona Notificadora ESAVI"/><description value="Ejemplo de Persona Notificadora ESAVI"/><exampleBoolean value="true"/><groupingId value="-ex-example"/></resource><resource><extension url="http://hl7.org/fhir/StructureDefinition/implementationguide-page"><valueUri value="QuestionnaireResponse-RespuestaAntecedentesEjemplo.html"/></extension><reference><reference value="QuestionnaireResponse/RespuestaAntecedentesEjemplo"/></reference><name value="Ejemplo de Respuestas a Seccion de Antecedentes de Persona Vacunada"/><description value="Ejemplo de Respuestas a Seccion de Antecedentes de Persona Vacunada"/><exampleBoolean value="true"/><groupingId value="-ex-example"/></resource><resource><extension url="http://hl7.org/fhir/StructureDefinition/implementationguide-page"><valueUri value="Questionnaire-EsaviCuestionarioCompleto.html"/></extension><reference><reference value="Questionnaire/EsaviCuestionarioCompleto"/></reference><name value="Ejemplo de Definicion de Cuestionario ESAVI"/><description value="Ejemplo de Definicion de Cuestionario ESAVI"/><exampleBoolean value="true"/><groupingId value="-ex-example"/></resource><resource><extension url="http://hl7.org/fhir/StructureDefinition/implementationguide-page"><valueUri value="QuestionnaireResponse-EsaviRespuestaCompleta.html"/></extension><reference><reference value="QuestionnaireResponse/EsaviRespuestaCompleta"/></reference><name value="Ejemplo de Respuesta Completa a Cuestionario"/><description value="Ejemplo de Respuesta Completa a Cuestionario"/><exampleBoolean value="true"/><groupingId value="-ex-example"/></resource><page><nameUrl value="toc.html"/><title value="Table of Contents"/><generation value="html"/><page><nameUrl value="index.html"/><title value="Home"/><generation value="markdown"/></page><page><nameUrl value="objetivos.html"/><title value="Objetivos"/><generation value="markdown"/></page><page><nameUrl value="actores.html"/><title value="Actores"/><generation value="markdown"/></page><page><nameUrl value="informe_aefi.html"/><title value="Informe AEFI"/><generation value="markdown"/></page><page><nameUrl value="recomendaciones.html"/><title value="Recomendaciones"/><generation value="markdown"/></page><page><nameUrl value="descargas.html"/><title value="Descargas"/><generation value="markdown"/></page><page><nameUrl value="operaciones.html"/><title value="Operaciones"/><generation value="markdown"/></page><page><nameUrl value="sandbox.html"/><title value="Sandbox"/><generation value="markdown"/></page><page><nameUrl value="seguridad.html"/><title value="Seguridad"/><generation value="markdown"/></page><page><nameUrl value="terminologia.html"/><title value="Terminologia"/><generation value="markdown"/></page><page><nameUrl value="artifacts.html"/><title value="Artifacts Summary"/><generation value="html"/><page><nameUrl value="StructureDefinition-NotificacionESAVI.html"/><title value="Modelo Logico de Notificacion ESAVI"/><generation value="generated"/></page><page><nameUrl value="StructureDefinition-esavi-response-antecedentes.html"/><title value="Antecedentes Persona Vacunada"/><generation value="generated"/></page><page><nameUrl value="StructureDefinition-Practitioner-esavi.html"/><title value="Persona Notificadora"/><generation value="generated"/></page><page><nameUrl value="StructureDefinition-Patient-esavi.html"/><title value="Paciente AEFI"/><generation value="generated"/></page><page><nameUrl value="StructureDefinition-Composition-esavi.html"/><title value="Documento para Notificaci&#xF3;n ESAVI"/><generation value="generated"/></page><page><nameUrl value="ValueSet-ModoVerificacionVacunaVS.html"/><title value="Conjunto de Valores para Modo de Verificacion de Vacuna"/><generation value="generated"/></page><page><nameUrl value="ValueSet-EventoAdversoVacunaVS.html"/><title value="Conjunto de Valores para Tipo de Evento Adverso"/><generation value="generated"/></page><page><nameUrl value="ValueSet-EventoAdversoCodificacionVS.html"/><title value="Conjunto de Valores para Codificacion Estandarizada de Evento Adverso"/><generation value="generated"/></page><page><nameUrl value="ValueSet-ClasificacionDesenlaceVS.html"/><title value="Conjunto de Valores para Clasificacion de Desenlace"/><generation value="generated"/></page><page><nameUrl value="ValueSet-InvestigacionTipoVS.html"/><title value="Conjunto de Valores para Tipo de Investigaci&#xF3;n"/><generation value="generated"/></page><page><nameUrl value="ValueSet-RespuestaSiNoNosabeVS.html"/><title value="Conjunto de Valores Si / No / No Sabe para Cuestionarios"/><generation value="generated"/></page><page><nameUrl value="ValueSet-GrupoEtnicoVS.html"/><title value="Conjunto de Valores Validos para Grupo Etnico"/><generation value="generated"/></page><page><nameUrl value="ValueSet-RespuestaVerdaderoFalsoVS.html"/><title value="Conjunto de Valores Validos para Verdadero/Falso"/><generation value="generated"/></page><page><nameUrl value="ValueSet-ModoConfirmacionInfeccionVS.html"/><title value="Conjunto de Valores Validos para Modo Confirmacion de Infeccion"/><generation value="generated"/></page><page><nameUrl value="CodeSystem-GrupoEtnicoCS.html"/><title value="Conjunto de Valores para Grupo Etnico"/><generation value="generated"/></page><page><nameUrl value="CodeSystem-ModoVerificacionVacunaCS.html"/><title value="Modo de Verificacion de Vacuna"/><generation value="generated"/></page><page><nameUrl value="CodeSystem-EventoAdversoVacunaCS.html"/><title value="Tipo de Evento Adverso de Vacuna"/><generation value="generated"/></page><page><nameUrl value="CodeSystem-ClasificacionDesenlaceCS.html"/><title value="Codigo de Clasificacion de Desenlace"/><generation value="generated"/></page><page><nameUrl value="CodeSystem-InvestigacionTipoCS.html"/><title value="Tipo de Investigaci&#xF3;n Requerida"/><generation value="generated"/></page><page><nameUrl value="CodeSystem-ModoConfirmacionInfeccionCS.html"/><title value="C&#xF3;digos para Modo de Confirmaci&#xF3;n de Infecci&#xF3;n"/><generation value="generated"/></page><page><nameUrl value="CodeSystem-RespuestaVerdaderoFalsoCS.html"/><title value="Conjunto de Valores Verdadero/Falso para Cuestionarios"/><generation value="generated"/></page><page><nameUrl value="CodeSystem-RespuestaSiNoNosabeCS.html"/><title value="Conjunto de Valores Si / No / No Sabe para Cuestionarios"/><generation value="generated"/></page><page><nameUrl value="Composition-NotificacionESAVIEjemplo.html"/><title value="Ejemplo de Reporte de Notificaci&#xF3;n ESAVI"/><generation value="generated"/></page><page><nameUrl value="Patient-PersonaAfectadaEjemplo.html"/><title value="Ejemplo de Persona Afectada ESAVI"/><generation value="generated"/></page><page><nameUrl value="Practitioner-PersonaNotificadoraEjemplo.html"/><title value="Ejemplo de Persona Notificadora ESAVI"/><generation value="generated"/></page><page><nameUrl value="QuestionnaireResponse-RespuestaAntecedentesEjemplo.html"/><title value="Ejemplo de Respuestas a Seccion de Antecedentes de Persona Vacunada"/><generation value="generated"/></page><page><nameUrl value="Questionnaire-EsaviCuestionarioCompleto.html"/><title value="Ejemplo de Definicion de Cuestionario ESAVI"/><generation value="generated"/></page><page><nameUrl value="QuestionnaireResponse-EsaviRespuestaCompleta.html"/><title value="Ejemplo de Respuesta Completa a Cuestionario"/><generation value="generated"/></page></page></page><parameter><code value="path-resource"/><value value="input/capabilities"/></parameter><parameter><code value="path-resource"/><value value="input/examples"/></parameter><parameter><code value="path-resource"/><value value="input/extensions"/></parameter><parameter><code value="path-resource"/><value value="input/models"/></parameter><parameter><code value="path-resource"/><value value="input/operations"/></parameter><parameter><code value="path-resource"/><value value="input/profiles"/></parameter><parameter><code value="path-resource"/><value value="input/resources"/></parameter><parameter><code value="path-resource"/><value value="input/vocabulary"/></parameter><parameter><code value="path-resource"/><value value="input/maps"/></parameter><parameter><code value="path-resource"/><value value="input/testing"/></parameter><parameter><code value="path-resource"/><value value="input/history"/></parameter><parameter><code value="path-resource"/><value value="fsh-generated/resources"/></parameter><parameter><code value="path-pages"/><value value="template/config"/></parameter><parameter><code value="path-pages"/><value value="input/images"/></parameter><parameter><code value="path-tx-cache"/><value value="input-cache/txcache"/></parameter></definition></ImplementationGuide>