<?xml version="1.0" encoding="UTF-8"?><ValueSet xmlns="http://hl7.org/fhir"><id value="ClasificacionDesenlaceVS"/><text><status value="generated"/><div xmlns="http://www.w3.org/1999/xhtml"><ul><li>Include all codes defined in <a href="CodeSystem-ClasificacionDesenlaceCS.html"><code>http://paho.org/esavi/CodeSystem/ClasificacionDesenlaceCS</code></a></li></ul></div></text><url value="http://paho.org/esavi/ValueSet/ClasificacionDesenlaceVS"/><version value="0.5.0"/><name value="ClasificacionDesenlaceVS"/><title value="Clasificaci&#xF3;n de Desenlace"/><status value="active"/><date value="2021-10-03T10:17:18-03:00"/><publisher value="PAHO"/><contact><name value="PAHO"/><telecom><system value="url"/><value value="https://covid-19pharmacovigilance.paho.org"/></telecom><telecom><system value="email"/><value value="privadadngiss@msal.gov.ar"/></telecom></contact><description value="Clasificaci&#xF3;n de Desenlace"/><compose><include><system value="http://paho.org/esavi/CodeSystem/ClasificacionDesenlaceCS"/></include></compose></ValueSet>