<?xml version="1.0" encoding="UTF-8"?><ValueSet xmlns="http://hl7.org/fhir"><id value="EventoAdversoCodificacionVS"/><text><status value="generated"/><div xmlns="http://www.w3.org/1999/xhtml"><p>This value set includes codes based on the following rules:</p><ul><li>Include all codes defined in <a href="https://terminology.hl7.org/1.0.0//CodeSystem-mdr.html"><code>http://terminology.hl7.org/CodeSystem/mdr</code></a></li><li>Include all codes defined in <code>http://hl7.org/fhir/sid/icd-10</code></li></ul></div></text><url value="http://paho.org/esavi/ValueSet/EventoAdversoCodificacionVS"/><version value="0.5.0"/><name value="EventoAdversoCodificacionVS"/><status value="active"/><date value="2021-10-03T10:17:18-03:00"/><publisher value="PAHO"/><contact><name value="PAHO"/><telecom><system value="url"/><value value="https://covid-19pharmacovigilance.paho.org"/></telecom><telecom><system value="email"/><value value="privadadngiss@msal.gov.ar"/></telecom></contact><description value="Codificacion Estandarizada de Evento Adverso"/><compose><include><system value="http://terminology.hl7.org/CodeSystem/mdr"/></include><include><system value="http://hl7.org/fhir/sid/icd-10"/></include></compose></ValueSet>