{
  "resourceType": "CodeSystem",
  "id": "RespuestaVerdaderoFalsoCS",
  "text": {
    "status": "generated",
    "div": "<div xmlns=\"http://www.w3.org/1999/xhtml\"><p>This code system http://paho.org/esavi/CodeSystem/RespuestaVerdaderoFalsoCS defines the following codes:</p><table class=\"codes\"><tr><td style=\"white-space:nowrap\"><b>Code</b></td><td><b>Display</b></td></tr><tr><td style=\"white-space:nowrap\">1<a name=\"RespuestaVerdaderoFalsoCS-1\"> </a></td><td>Verdadero</td></tr><tr><td style=\"white-space:nowrap\">2<a name=\"RespuestaVerdaderoFalsoCS-2\"> </a></td><td>Falso</td></tr></table></div>"
  },
  "url": "http://paho.org/esavi/CodeSystem/RespuestaVerdaderoFalsoCS",
  "version": "0.5.0",
  "name": "RespuestaVerdaderoFalsoCS",
  "title": "Respuestas Verdadero/Falso",
  "status": "active",
  "date": "2021-10-03T10:17:18-03:00",
  "publisher": "PAHO",
  "contact": [
    {
      "name": "PAHO",
      "telecom": [
        {
          "system": "url",
          "value": "https://covid-19pharmacovigilance.paho.org"
        },
        {
          "system": "email",
          "value": "privadadngiss@msal.gov.ar"
        }
      ]
    }
  ],
  "description": "Respuestas Verdadero/Falso",
  "content": "complete",
  "count": 2,
  "concept": [
    {
      "code": "1",
      "display": "Verdadero"
    },
    {
      "code": "2",
      "display": "Falso"
    }
  ]
}