<?xml version="1.0" encoding="UTF-8"?>

<CodeSystem xmlns="http://hl7.org/fhir">
  <id value="GrupoEtnicoCS"/>
  <text>
    <status value="generated"/><div xmlns="http://www.w3.org/1999/xhtml"><p>This code system http://paho.org/esavi/CodeSystem/GrupoEtnicoCS defines the following codes:</p><table class="codes"><tr><td style="white-space:nowrap"><b>Code</b></td><td><b>Display</b></td></tr><tr><td style="white-space:nowrap">1<a name="GrupoEtnicoCS-1"> </a></td><td>Mestizo</td></tr><tr><td style="white-space:nowrap">2<a name="GrupoEtnicoCS-2"> </a></td><td>Blanco</td></tr><tr><td style="white-space:nowrap">3<a name="GrupoEtnicoCS-3"> </a></td><td>Mulato</td></tr><tr><td style="white-space:nowrap">4<a name="GrupoEtnicoCS-4"> </a></td><td>Negro</td></tr><tr><td style="white-space:nowrap">5<a name="GrupoEtnicoCS-5"> </a></td><td>Amerindio</td></tr><tr><td style="white-space:nowrap">6<a name="GrupoEtnicoCS-6"> </a></td><td>Zambo</td></tr><tr><td style="white-space:nowrap">0<a name="GrupoEtnicoCS-0"> </a></td><td>Otro</td></tr></table></div>
  </text>
  <url value="http://paho.org/esavi/CodeSystem/GrupoEtnicoCS"/>
  <version value="0.5.0"/>
  <name value="GrupoEtnicoCS"/>
  <title value="C&#xF3;digos de Grupo Etnico"/>
  <status value="active"/>
  <date value="2021-10-03T10:17:18-03:00"/>
  <publisher value="PAHO"/>
  <contact>
    <name value="PAHO"/>
    <telecom>
      <system value="url"/>
      <value value="https://covid-19pharmacovigilance.paho.org"/>
    </telecom>
    <telecom>
      <system value="email"/>
      <value value="privadadngiss@msal.gov.ar"/>
    </telecom>
  </contact>
  <description value="C&#xF3;digos de Grupo Etnico"/>
  <content value="complete"/>
  <count value="7"/>
  <concept>
    <code value="1"/>
    <display value="Mestizo"/>
  </concept>
  <concept>
    <code value="2"/>
    <display value="Blanco"/>
  </concept>
  <concept>
    <code value="3"/>
    <display value="Mulato"/>
  </concept>
  <concept>
    <code value="4"/>
    <display value="Negro"/>
  </concept>
  <concept>
    <code value="5"/>
    <display value="Amerindio"/>
  </concept>
  <concept>
    <code value="6"/>
    <display value="Zambo"/>
  </concept>
  <concept>
    <code value="0"/>
    <display value="Otro"/>
  </concept>
</CodeSystem>