{
  "resourceType": "ImplementationGuide",
  "id": "uv.aefi",
  "language": "es-AR",
  "text": {
    "status": "extensions",
    "div": "<div xmlns=\"http://www.w3.org/1999/xhtml\" xml:lang=\"es-AR\" lang=\"es-AR\"><h2>AEFI</h2><p>The official URL for this implementation guide is: </p><pre>http://covid-19pharmacovigilance.paho.org/resources/ImplementationGuide/uv.aefi</pre></div>"
  },
  "url": "http://covid-19pharmacovigilance.paho.org/resources/ImplementationGuide/uv.aefi",
  "version": "0.5.0",
  "name": "AEFI",
  "status": "draft",
  "date": "2021-10-03T10:17:18-03:00",
  "publisher": "PAHO",
  "contact": [
    {
      "name": "PAHO",
      "telecom": [
        {
          "system": "url",
          "value": "https://covid-19pharmacovigilance.paho.org"
        },
        {
          "system": "email",
          "value": "privadadngiss@msal.gov.ar"
        }
      ]
    }
  ],
  "packageId": "uv.aefi",
  "license": "CC0-1.0",
  "fhirVersion": [
    "4.0.1"
  ],
  "definition": {
    "extension": [
      {
        "extension": [
          {
            "url": "code",
            "valueString": "copyrightyear"
          },
          {
            "url": "value",
            "valueString": "2021+"
          }
        ],
        "url": "http://hl7.org/fhir/tools/StructureDefinition/ig-parameter"
      },
      {
        "extension": [
          {
            "url": "code",
            "valueString": "releaselabel"
          },
          {
            "url": "value",
            "valueString": "ci-build"
          }
        ],
        "url": "http://hl7.org/fhir/tools/StructureDefinition/ig-parameter"
      },
      {
        "extension": [
          {
            "url": "code",
            "valueString": "path-liquid"
          },
          {
            "url": "value",
            "valueString": "template/liquid"
          }
        ],
        "url": "http://hl7.org/fhir/tools/StructureDefinition/ig-parameter"
      },
      {
        "extension": [
          {
            "url": "code",
            "valueString": "path-liquid"
          },
          {
            "url": "value",
            "valueString": "input/liquid"
          }
        ],
        "url": "http://hl7.org/fhir/tools/StructureDefinition/ig-parameter"
      },
      {
        "extension": [
          {
            "url": "code",
            "valueString": "path-qa"
          },
          {
            "url": "value",
            "valueString": "temp/qa"
          }
        ],
        "url": "http://hl7.org/fhir/tools/StructureDefinition/ig-parameter"
      },
      {
        "extension": [
          {
            "url": "code",
            "valueString": "path-temp"
          },
          {
            "url": "value",
            "valueString": "temp/pages"
          }
        ],
        "url": "http://hl7.org/fhir/tools/StructureDefinition/ig-parameter"
      },
      {
        "extension": [
          {
            "url": "code",
            "valueString": "path-output"
          },
          {
            "url": "value",
            "valueString": "output"
          }
        ],
        "url": "http://hl7.org/fhir/tools/StructureDefinition/ig-parameter"
      },
      {
        "extension": [
          {
            "url": "code",
            "valueString": "path-suppressed-warnings"
          },
          {
            "url": "value",
            "valueString": "input/ignoreWarnings.txt"
          }
        ],
        "url": "http://hl7.org/fhir/tools/StructureDefinition/ig-parameter"
      },
      {
        "extension": [
          {
            "url": "code",
            "valueString": "path-history"
          },
          {
            "url": "value",
            "valueString": "http://covid-19pharmacovigilance.paho.org/resources/history.html"
          }
        ],
        "url": "http://hl7.org/fhir/tools/StructureDefinition/ig-parameter"
      },
      {
        "extension": [
          {
            "url": "code",
            "valueString": "template-html"
          },
          {
            "url": "value",
            "valueString": "template-page.html"
          }
        ],
        "url": "http://hl7.org/fhir/tools/StructureDefinition/ig-parameter"
      },
      {
        "extension": [
          {
            "url": "code",
            "valueString": "template-md"
          },
          {
            "url": "value",
            "valueString": "template-page-md.html"
          }
        ],
        "url": "http://hl7.org/fhir/tools/StructureDefinition/ig-parameter"
      },
      {
        "extension": [
          {
            "url": "code",
            "valueString": "apply-contact"
          },
          {
            "url": "value",
            "valueString": "true"
          }
        ],
        "url": "http://hl7.org/fhir/tools/StructureDefinition/ig-parameter"
      },
      {
        "extension": [
          {
            "url": "code",
            "valueString": "apply-context"
          },
          {
            "url": "value",
            "valueString": "true"
          }
        ],
        "url": "http://hl7.org/fhir/tools/StructureDefinition/ig-parameter"
      },
      {
        "extension": [
          {
            "url": "code",
            "valueString": "apply-copyright"
          },
          {
            "url": "value",
            "valueString": "true"
          }
        ],
        "url": "http://hl7.org/fhir/tools/StructureDefinition/ig-parameter"
      },
      {
        "extension": [
          {
            "url": "code",
            "valueString": "apply-jurisdiction"
          },
          {
            "url": "value",
            "valueString": "true"
          }
        ],
        "url": "http://hl7.org/fhir/tools/StructureDefinition/ig-parameter"
      },
      {
        "extension": [
          {
            "url": "code",
            "valueString": "apply-license"
          },
          {
            "url": "value",
            "valueString": "true"
          }
        ],
        "url": "http://hl7.org/fhir/tools/StructureDefinition/ig-parameter"
      },
      {
        "extension": [
          {
            "url": "code",
            "valueString": "apply-publisher"
          },
          {
            "url": "value",
            "valueString": "true"
          }
        ],
        "url": "http://hl7.org/fhir/tools/StructureDefinition/ig-parameter"
      },
      {
        "extension": [
          {
            "url": "code",
            "valueString": "apply-version"
          },
          {
            "url": "value",
            "valueString": "true"
          }
        ],
        "url": "http://hl7.org/fhir/tools/StructureDefinition/ig-parameter"
      },
      {
        "extension": [
          {
            "url": "code",
            "valueString": "active-tables"
          },
          {
            "url": "value",
            "valueString": "true"
          }
        ],
        "url": "http://hl7.org/fhir/tools/StructureDefinition/ig-parameter"
      }
    ],
    "resource": [
      {
        "extension": [
          {
            "url": "http://hl7.org/fhir/tools/StructureDefinition/resource-information",
            "valueString": "CodeSystem"
          }
        ],
        "reference": {
          "reference": "CodeSystem/GrupoEtnicoCS"
        },
        "name": "Conjunto de Valores para Grupo Etnico",
        "description": "Conjunto de Valores para Grupo Etnico",
        "exampleBoolean": false
      },
      {
        "extension": [
          {
            "url": "http://hl7.org/fhir/tools/StructureDefinition/resource-information",
            "valueString": "CodeSystem"
          }
        ],
        "reference": {
          "reference": "CodeSystem/ModoVerificacionVacunaCS"
        },
        "name": "Modo de Verificacion de Vacuna",
        "description": "Modo de Verificacion de Vacuna",
        "exampleBoolean": false
      },
      {
        "extension": [
          {
            "url": "http://hl7.org/fhir/tools/StructureDefinition/resource-information",
            "valueString": "CodeSystem"
          }
        ],
        "reference": {
          "reference": "CodeSystem/EventoAdversoVacunaCS"
        },
        "name": "Tipo de Evento Adverso de Vacuna",
        "description": "Tipo de Evento de Adverso de Vacuna",
        "exampleBoolean": false
      },
      {
        "extension": [
          {
            "url": "http://hl7.org/fhir/tools/StructureDefinition/resource-information",
            "valueString": "CodeSystem"
          }
        ],
        "reference": {
          "reference": "CodeSystem/ClasificacionDesenlaceCS"
        },
        "name": "Codigo de Clasificacion de Desenlace",
        "description": "Codigo de Clasificacion de Desenlace",
        "exampleBoolean": false
      },
      {
        "extension": [
          {
            "url": "http://hl7.org/fhir/tools/StructureDefinition/resource-information",
            "valueString": "CodeSystem"
          }
        ],
        "reference": {
          "reference": "CodeSystem/InvestigacionTipoCS"
        },
        "name": "Tipo de Investigación Requerida",
        "description": "Tipo de Investigación Requerida",
        "exampleBoolean": false
      },
      {
        "extension": [
          {
            "url": "http://hl7.org/fhir/tools/StructureDefinition/resource-information",
            "valueString": "ValueSet"
          }
        ],
        "reference": {
          "reference": "ValueSet/ModoVerificacionVacunaVS"
        },
        "name": "Conjunto de Valores para Modo de Verificacion de Vacuna",
        "description": "Conjunto de Valores para Modo de Verificacion de Vacuna",
        "exampleBoolean": false
      },
      {
        "extension": [
          {
            "url": "http://hl7.org/fhir/tools/StructureDefinition/resource-information",
            "valueString": "CodeSystem"
          }
        ],
        "reference": {
          "reference": "CodeSystem/ModoConfirmacionInfeccionCS"
        },
        "name": "Códigos para Modo de Confirmación de Infección",
        "description": "Códigos para Modo de Confirmación de Infección",
        "exampleBoolean": false
      },
      {
        "extension": [
          {
            "url": "http://hl7.org/fhir/tools/StructureDefinition/resource-information",
            "valueString": "ValueSet"
          }
        ],
        "reference": {
          "reference": "ValueSet/EventoAdversoVacunaVS"
        },
        "name": "Conjunto de Valores para Tipo de Evento Adverso",
        "description": "Conjunto de Valores para Tipo de Evento Adverso",
        "exampleBoolean": false
      },
      {
        "extension": [
          {
            "url": "http://hl7.org/fhir/tools/StructureDefinition/resource-information",
            "valueString": "ValueSet"
          }
        ],
        "reference": {
          "reference": "ValueSet/EventoAdversoCodificacionVS"
        },
        "name": "Conjunto de Valores para Codificacion Estandarizada de Evento Adverso",
        "description": "Conjunto de Valores para Codificacion Estandarizada de Evento Adverso",
        "exampleBoolean": false
      },
      {
        "extension": [
          {
            "url": "http://hl7.org/fhir/tools/StructureDefinition/resource-information",
            "valueString": "ValueSet"
          }
        ],
        "reference": {
          "reference": "ValueSet/ClasificacionDesenlaceVS"
        },
        "name": "Conjunto de Valores para Clasificacion de Desenlace",
        "description": "Conjunto de Valores para Clasificacion de Desenlace",
        "exampleBoolean": false
      },
      {
        "extension": [
          {
            "url": "http://hl7.org/fhir/tools/StructureDefinition/resource-information",
            "valueString": "ValueSet"
          }
        ],
        "reference": {
          "reference": "ValueSet/InvestigacionTipoVS"
        },
        "name": "Conjunto de Valores para Tipo de Investigación",
        "description": "Conjunto de Valores para Tipo de Investigación",
        "exampleBoolean": false
      },
      {
        "extension": [
          {
            "url": "http://hl7.org/fhir/tools/StructureDefinition/resource-information",
            "valueString": "CodeSystem"
          }
        ],
        "reference": {
          "reference": "CodeSystem/RespuestaVerdaderoFalsoCS"
        },
        "name": "Conjunto de Valores Verdadero/Falso para Cuestionarios",
        "description": "Conjunto de Valores Verdadero/Falso para Cuestionarios",
        "exampleBoolean": false
      },
      {
        "extension": [
          {
            "url": "http://hl7.org/fhir/tools/StructureDefinition/resource-information",
            "valueString": "CodeSystem"
          }
        ],
        "reference": {
          "reference": "CodeSystem/RespuestaSiNoNosabeCS"
        },
        "name": "Conjunto de Valores Si / No / No Sabe para Cuestionarios",
        "description": "Conjunto de Valores Si / No / No Sabe para Cuestionarios",
        "exampleBoolean": false
      },
      {
        "extension": [
          {
            "url": "http://hl7.org/fhir/tools/StructureDefinition/resource-information",
            "valueString": "ValueSet"
          }
        ],
        "reference": {
          "reference": "ValueSet/RespuestaSiNoNosabeVS"
        },
        "name": "Conjunto de Valores Si / No / No Sabe para Cuestionarios",
        "description": "Conjunto de Valores Si / No / No Sabe para Cuestionarios",
        "exampleBoolean": false
      },
      {
        "extension": [
          {
            "url": "http://hl7.org/fhir/tools/StructureDefinition/resource-information",
            "valueString": "ValueSet"
          }
        ],
        "reference": {
          "reference": "ValueSet/GrupoEtnicoVS"
        },
        "name": "Conjunto de Valores Validos para Grupo Etnico",
        "description": "Conjunto de Valores Validos para Grupo Etnico",
        "exampleBoolean": false
      },
      {
        "extension": [
          {
            "url": "http://hl7.org/fhir/tools/StructureDefinition/resource-information",
            "valueString": "ValueSet"
          }
        ],
        "reference": {
          "reference": "ValueSet/RespuestaVerdaderoFalsoVS"
        },
        "name": "Conjunto de Valores Validos para Verdadero/Falso",
        "description": "Conjunto de Valores Validos para Verdadero/Falso",
        "exampleBoolean": false
      },
      {
        "extension": [
          {
            "url": "http://hl7.org/fhir/tools/StructureDefinition/resource-information",
            "valueString": "ValueSet"
          }
        ],
        "reference": {
          "reference": "ValueSet/ModoConfirmacionInfeccionVS"
        },
        "name": "Conjunto de Valores Validos para Modo Confirmacion de Infeccion",
        "description": "Conjunto de Valores Validos para Modo Confirmacion de Infeccion",
        "exampleBoolean": false
      },
      {
        "extension": [
          {
            "url": "http://hl7.org/fhir/tools/StructureDefinition/resource-information",
            "valueString": "StructureDefinition:resource"
          }
        ],
        "reference": {
          "reference": "StructureDefinition/esavi-response-antecedentes"
        },
        "name": "Antecedentes Persona Vacunada",
        "description": "Perfil de Persona Vacunada",
        "exampleBoolean": false
      },
      {
        "extension": [
          {
            "url": "http://hl7.org/fhir/tools/StructureDefinition/resource-information",
            "valueString": "StructureDefinition:resource"
          }
        ],
        "reference": {
          "reference": "StructureDefinition/Practitioner-esavi"
        },
        "name": "Persona Notificadora",
        "description": "Perfil de Persona Notificadora",
        "exampleBoolean": false
      },
      {
        "extension": [
          {
            "url": "http://hl7.org/fhir/tools/StructureDefinition/resource-information",
            "valueString": "StructureDefinition:resource"
          }
        ],
        "reference": {
          "reference": "StructureDefinition/Patient-esavi"
        },
        "name": "Paciente AEFI",
        "description": "Perfil de Paciente AEFI",
        "exampleBoolean": false
      },
      {
        "extension": [
          {
            "url": "http://hl7.org/fhir/tools/StructureDefinition/resource-information",
            "valueString": "StructureDefinition:resource"
          }
        ],
        "reference": {
          "reference": "StructureDefinition/Composition-esavi"
        },
        "name": "Documento para Notificación ESAVI",
        "description": "Perfil de Documento para Notificación ESAVI",
        "exampleBoolean": false
      },
      {
        "extension": [
          {
            "url": "http://hl7.org/fhir/tools/StructureDefinition/resource-information",
            "valueString": "StructureDefinition:logical"
          }
        ],
        "reference": {
          "reference": "StructureDefinition/NotificacionESAVI"
        },
        "name": "Modelo Logico de Notificacion ESAVI",
        "description": "Modelo Logico de Notificacion ESAVI",
        "exampleBoolean": false
      },
      {
        "extension": [
          {
            "url": "http://hl7.org/fhir/tools/StructureDefinition/resource-information",
            "valueString": "Composition"
          }
        ],
        "reference": {
          "reference": "Composition/NotificacionESAVIEjemplo"
        },
        "name": "Ejemplo de Reporte de Notificación ESAVI",
        "description": "Ejemplo de Reporte de Notificación ESAVI",
        "exampleBoolean": true
      },
      {
        "extension": [
          {
            "url": "http://hl7.org/fhir/tools/StructureDefinition/resource-information",
            "valueString": "Patient"
          }
        ],
        "reference": {
          "reference": "Patient/PersonaAfectadaEjemplo"
        },
        "name": "Ejemplo de Persona Afectada ESAVI",
        "description": "Ejemplo de Persona Afectada ESAVI",
        "exampleBoolean": true
      },
      {
        "extension": [
          {
            "url": "http://hl7.org/fhir/tools/StructureDefinition/resource-information",
            "valueString": "Practitioner"
          }
        ],
        "reference": {
          "reference": "Practitioner/PersonaNotificadoraEjemplo"
        },
        "name": "Ejemplo de Persona Notificadora ESAVI",
        "description": "Ejemplo de Persona Notificadora ESAVI",
        "exampleBoolean": true
      },
      {
        "extension": [
          {
            "url": "http://hl7.org/fhir/tools/StructureDefinition/resource-information",
            "valueString": "QuestionnaireResponse"
          }
        ],
        "reference": {
          "reference": "QuestionnaireResponse/RespuestaAntecedentesEjemplo"
        },
        "name": "Ejemplo de Respuestas a Seccion de Antecedentes de Persona Vacunada",
        "description": "Ejemplo de Respuestas a Seccion de Antecedentes de Persona Vacunada",
        "exampleBoolean": true
      },
      {
        "extension": [
          {
            "url": "http://hl7.org/fhir/tools/StructureDefinition/resource-information",
            "valueString": "Questionnaire"
          }
        ],
        "reference": {
          "reference": "Questionnaire/EsaviCuestionarioCompleto"
        },
        "name": "Ejemplo de Definicion de Cuestionario ESAVI",
        "description": "Ejemplo de Definicion de Cuestionario ESAVI",
        "exampleBoolean": true
      },
      {
        "extension": [
          {
            "url": "http://hl7.org/fhir/tools/StructureDefinition/resource-information",
            "valueString": "QuestionnaireResponse"
          }
        ],
        "reference": {
          "reference": "QuestionnaireResponse/EsaviRespuestaCompleta"
        },
        "name": "Ejemplo de Respuesta Completa a Cuestionario",
        "description": "Ejemplo de Respuesta Completa a Cuestionario",
        "exampleBoolean": true
      }
    ],
    "page": {
      "nameUrl": "toc.html",
      "title": "Table of Contents",
      "generation": "html",
      "page": [
        {
          "nameUrl": "index.html",
          "title": "Home",
          "generation": "markdown"
        },
        {
          "nameUrl": "objetivos.html",
          "title": "Objetivos",
          "generation": "markdown"
        },
        {
          "nameUrl": "actores.html",
          "title": "Actores",
          "generation": "markdown"
        },
        {
          "nameUrl": "informe_aefi.html",
          "title": "Informe AEFI",
          "generation": "markdown"
        },
        {
          "nameUrl": "recomendaciones.html",
          "title": "Recomendaciones",
          "generation": "markdown"
        },
        {
          "nameUrl": "descargas.html",
          "title": "Descargas",
          "generation": "markdown"
        },
        {
          "nameUrl": "operaciones.html",
          "title": "Operaciones",
          "generation": "markdown"
        },
        {
          "nameUrl": "sandbox.html",
          "title": "Sandbox",
          "generation": "markdown"
        },
        {
          "nameUrl": "seguridad.html",
          "title": "Seguridad",
          "generation": "markdown"
        },
        {
          "nameUrl": "terminologia.html",
          "title": "Terminologia",
          "generation": "markdown"
        }
      ]
    },
    "parameter": [
      {
        "code": "path-resource",
        "value": "input/capabilities"
      },
      {
        "code": "path-resource",
        "value": "input/examples"
      },
      {
        "code": "path-resource",
        "value": "input/extensions"
      },
      {
        "code": "path-resource",
        "value": "input/models"
      },
      {
        "code": "path-resource",
        "value": "input/operations"
      },
      {
        "code": "path-resource",
        "value": "input/profiles"
      },
      {
        "code": "path-resource",
        "value": "input/resources"
      },
      {
        "code": "path-resource",
        "value": "input/vocabulary"
      },
      {
        "code": "path-resource",
        "value": "input/maps"
      },
      {
        "code": "path-resource",
        "value": "input/testing"
      },
      {
        "code": "path-resource",
        "value": "input/history"
      },
      {
        "code": "path-resource",
        "value": "fsh-generated/resources"
      },
      {
        "code": "path-pages",
        "value": "template/config"
      },
      {
        "code": "path-pages",
        "value": "input/images"
      },
      {
        "code": "path-tx-cache",
        "value": "input-cache/txcache"
      }
    ]
  }
}