<?xml version="1.0" encoding="UTF-8"?>

<Practitioner xmlns="http://hl7.org/fhir">
  <id value="PersonaNotificadoraEjemplo"/>
  <meta>
    <profile value="http://paho.org/esavi/StructureDefinition/Practitioner-esavi"/>
  </meta>
  <text>
    <status value="generated"/><div xmlns="http://www.w3.org/1999/xhtml"><p><b>Generated Narrative</b></p><p><b>name</b>: María Notificadora </p></div>
  </text>
  <name>
    <family value="Notificadora"/>
    <given value="Mar&#xED;a"/>
  </name>
</Practitioner>