{
  "package": "uv.aefi",
  "version": "0.5.0",
  "fhirVersion": "4.0.1",
  "extensions": [],
  "profiles": {
    "Composition": [
      {
        "url": "http://paho.org/esavi/StructureDefinition/Composition-esavi",
        "title": "Notificación ESAVI"
      }
    ],
    "Patient": [
      {
        "url": "http://paho.org/esavi/StructureDefinition/Patient-esavi",
        "title": "Paciente AEFI"
      }
    ],
    "Practitioner": [
      {
        "url": "http://paho.org/esavi/StructureDefinition/Practitioner-esavi",
        "title": "Persona Notificadora AEFI"
      }
    ],
    "QuestionnaireResponse": [
      {
        "url": "http://paho.org/esavi/StructureDefinition/esavi-response-antecedentes",
        "title": "Antecedentes Persona Vacunada"
      }
    ]
  },
  "usage": {
    "http://hl7.org/fhir/StructureDefinition/elementdefinition-bestpractice": [
      "StructureDefinition.snapshot.element.constraint"
    ],
    "http://hl7.org/fhir/StructureDefinition/elementdefinition-bestpractice-explanation": [
      "StructureDefinition.snapshot.element.constraint"
    ],
    "http://hl7.org/fhir/StructureDefinition/elementdefinition-bindingName": [
      "StructureDefinition.snapshot.element.binding"
    ],
    "http://hl7.org/fhir/StructureDefinition/elementdefinition-isCommonBinding": [
      "StructureDefinition.snapshot.element.binding"
    ],
    "http://hl7.org/fhir/StructureDefinition/elementdefinition-maxValueSet": [
      "StructureDefinition.snapshot.element.binding"
    ],
    "http://hl7.org/fhir/StructureDefinition/maxValue": [
      "Questionnaire.item.item"
    ],
    "http://hl7.org/fhir/StructureDefinition/minValue": [
      "Questionnaire.item.item"
    ],
    "http://hl7.org/fhir/StructureDefinition/questionnaire-itemControl": [
      "Questionnaire.item.item",
      "Questionnaire.item.item.item"
    ],
    "http://hl7.org/fhir/StructureDefinition/questionnaire-unit": [
      "Questionnaire.item.item"
    ],
    "http://hl7.org/fhir/StructureDefinition/structuredefinition-category": [
      "StructureDefinition"
    ],
    "http://hl7.org/fhir/StructureDefinition/structuredefinition-explicit-type-name": [
      "StructureDefinition.snapshot.element"
    ],
    "http://hl7.org/fhir/StructureDefinition/structuredefinition-fhir-type": [
      "StructureDefinition.snapshot.element.type"
    ],
    "http://hl7.org/fhir/StructureDefinition/structuredefinition-hierarchy": [
      "StructureDefinition.snapshot.element.type"
    ],
    "http://hl7.org/fhir/StructureDefinition/structuredefinition-security-category": [
      "StructureDefinition"
    ],
    "http://hl7.org/fhir/tools/StructureDefinition/ig-parameter": [
      "ImplementationGuide.definition"
    ],
    "http://hl7.org/fhir/tools/StructureDefinition/resource-information": [
      "ImplementationGuide.definition.resource"
    ]
  }
}