{
  "resourceType": "ValueSet",
  "id": "EventoAdversoCodificacionVS",
  "text": {
    "status": "generated",
    "div": "<div xmlns=\"http://www.w3.org/1999/xhtml\"><p>This value set includes codes based on the following rules:</p><ul><li>Include all codes defined in <a href=\"https://terminology.hl7.org/1.0.0//CodeSystem-mdr.html\"><code>http://terminology.hl7.org/CodeSystem/mdr</code></a></li><li>Include all codes defined in <code>http://hl7.org/fhir/sid/icd-10</code></li></ul></div>"
  },
  "url": "http://paho.org/esavi/ValueSet/EventoAdversoCodificacionVS",
  "version": "0.5.0",
  "name": "EventoAdversoCodificacionVS",
  "status": "active",
  "date": "2021-10-03T10:17:18-03:00",
  "publisher": "PAHO",
  "contact": [
    {
      "name": "PAHO",
      "telecom": [
        {
          "system": "url",
          "value": "https://covid-19pharmacovigilance.paho.org"
        },
        {
          "system": "email",
          "value": "privadadngiss@msal.gov.ar"
        }
      ]
    }
  ],
  "description": "Codificacion Estandarizada de Evento Adverso",
  "compose": {
    "include": [
      {
        "system": "http://terminology.hl7.org/CodeSystem/mdr"
      },
      {
        "system": "http://hl7.org/fhir/sid/icd-10"
      }
    ]
  }
}