{"resourceType":"CodeSystem","id":"ModoVerificacionVacunaCS","text":{"status":"generated","div":"<div xmlns=\"http://www.w3.org/1999/xhtml\"><p>This code system http://paho.org/esavi/CodeSystem/ModoVerificacionVacunaCS defines the following codes:</p><table class=\"codes\"><tr><td style=\"white-space:nowrap\"><b>Code</b></td><td><b>Display</b></td></tr><tr><td style=\"white-space:nowrap\">1<a name=\"ModoVerificacionVacunaCS-1\"> </a></td><td>Carnet/Registro físico</td></tr><tr><td style=\"white-space:nowrap\">2<a name=\"ModoVerificacionVacunaCS-2\"> </a></td><td>Carnet/Registro electrónico</td></tr><tr><td style=\"white-space:nowrap\">3<a name=\"ModoVerificacionVacunaCS-3\"> </a></td><td>Declaración verbal</td></tr><tr><td style=\"white-space:nowrap\">4<a name=\"ModoVerificacionVacunaCS-4\"> </a></td><td>Historia clínica corroborada con carnet</td></tr><tr><td style=\"white-space:nowrap\">5<a name=\"ModoVerificacionVacunaCS-5\"> </a></td><td>No se sabe</td></tr><tr><td style=\"white-space:nowrap\">O<a name=\"ModoVerificacionVacunaCS-O\"> </a></td><td>Otro</td></tr></table></div>"},"url":"http://paho.org/esavi/CodeSystem/ModoVerificacionVacunaCS","version":"0.5.0","name":"ModoVerificacionVacunaCS","title":"Modo de Verificación de Vacunación Previa","status":"active","date":"2021-10-03T10:17:18-03:00","publisher":"PAHO","contact":[{"name":"PAHO","telecom":[{"system":"url","value":"https://covid-19pharmacovigilance.paho.org"},{"system":"email","value":"privadadngiss@msal.gov.ar"}]}],"description":"Modo de Verificación de Vacunación Previa","content":"complete","count":6,"concept":[{"code":"1","display":"Carnet/Registro físico"},{"code":"2","display":"Carnet/Registro electrónico"},{"code":"3","display":"Declaración verbal"},{"code":"4","display":"Historia clínica corroborada con carnet"},{"code":"5","display":"No se sabe"},{"code":"O","display":"Otro"}]}