{"resourceType":"ImplementationGuide","id":"uv.aefi","language":"es-AR","text":{"status":"extensions","div":"<div xmlns=\"http://www.w3.org/1999/xhtml\" xml:lang=\"es-AR\" lang=\"es-AR\"><h2>AEFI</h2><p>The official URL for this implementation guide is: </p><pre>http://covid-19pharmacovigilance.paho.org/resources/ImplementationGuide/uv.aefi</pre></div>"},"url":"http://covid-19pharmacovigilance.paho.org/resources/ImplementationGuide/uv.aefi","version":"0.5.0","name":"AEFI","status":"draft","date":"2021-10-03T10:17:18-03:00","publisher":"PAHO","contact":[{"name":"PAHO","telecom":[{"system":"url","value":"https://covid-19pharmacovigilance.paho.org"},{"system":"email","value":"privadadngiss@msal.gov.ar"}]}],"packageId":"uv.aefi","license":"CC0-1.0","fhirVersion":["4.0.1"],"definition":{"extension":[{"extension":[{"url":"code","valueString":"copyrightyear"},{"url":"value","valueString":"2021+"}],"url":"http://hl7.org/fhir/tools/StructureDefinition/ig-parameter"},{"extension":[{"url":"code","valueString":"releaselabel"},{"url":"value","valueString":"ci-build"}],"url":"http://hl7.org/fhir/tools/StructureDefinition/ig-parameter"},{"extension":[{"url":"code","valueString":"path-liquid"},{"url":"value","valueString":"template/liquid"}],"url":"http://hl7.org/fhir/tools/StructureDefinition/ig-parameter"},{"extension":[{"url":"code","valueString":"path-liquid"},{"url":"value","valueString":"input/liquid"}],"url":"http://hl7.org/fhir/tools/StructureDefinition/ig-parameter"},{"extension":[{"url":"code","valueString":"path-qa"},{"url":"value","valueString":"temp/qa"}],"url":"http://hl7.org/fhir/tools/StructureDefinition/ig-parameter"},{"extension":[{"url":"code","valueString":"path-temp"},{"url":"value","valueString":"temp/pages"}],"url":"http://hl7.org/fhir/tools/StructureDefinition/ig-parameter"},{"extension":[{"url":"code","valueString":"path-output"},{"url":"value","valueString":"output"}],"url":"http://hl7.org/fhir/tools/StructureDefinition/ig-parameter"},{"extension":[{"url":"code","valueString":"path-suppressed-warnings"},{"url":"value","valueString":"input/ignoreWarnings.txt"}],"url":"http://hl7.org/fhir/tools/StructureDefinition/ig-parameter"},{"extension":[{"url":"code","valueString":"path-history"},{"url":"value","valueString":"http://covid-19pharmacovigilance.paho.org/resources/history.html"}],"url":"http://hl7.org/fhir/tools/StructureDefinition/ig-parameter"},{"extension":[{"url":"code","valueString":"template-html"},{"url":"value","valueString":"template-page.html"}],"url":"http://hl7.org/fhir/tools/StructureDefinition/ig-parameter"},{"extension":[{"url":"code","valueString":"template-md"},{"url":"value","valueString":"template-page-md.html"}],"url":"http://hl7.org/fhir/tools/StructureDefinition/ig-parameter"},{"extension":[{"url":"code","valueString":"apply-contact"},{"url":"value","valueString":"true"}],"url":"http://hl7.org/fhir/tools/StructureDefinition/ig-parameter"},{"extension":[{"url":"code","valueString":"apply-context"},{"url":"value","valueString":"true"}],"url":"http://hl7.org/fhir/tools/StructureDefinition/ig-parameter"},{"extension":[{"url":"code","valueString":"apply-copyright"},{"url":"value","valueString":"true"}],"url":"http://hl7.org/fhir/tools/StructureDefinition/ig-parameter"},{"extension":[{"url":"code","valueString":"apply-jurisdiction"},{"url":"value","valueString":"true"}],"url":"http://hl7.org/fhir/tools/StructureDefinition/ig-parameter"},{"extension":[{"url":"code","valueString":"apply-license"},{"url":"value","valueString":"true"}],"url":"http://hl7.org/fhir/tools/StructureDefinition/ig-parameter"},{"extension":[{"url":"code","valueString":"apply-publisher"},{"url":"value","valueString":"true"}],"url":"http://hl7.org/fhir/tools/StructureDefinition/ig-parameter"},{"extension":[{"url":"code","valueString":"apply-version"},{"url":"value","valueString":"true"}],"url":"http://hl7.org/fhir/tools/StructureDefinition/ig-parameter"},{"extension":[{"url":"code","valueString":"active-tables"},{"url":"value","valueString":"true"}],"url":"http://hl7.org/fhir/tools/StructureDefinition/ig-parameter"}],"grouping":[{"id":"-str-logicalmodel","name":"Structures: Logical Models","description":"These define data models that represent the domain covered by this implementation guide in more business-friendly terms than the underlying FHIR resources."},{"id":"-str-profile","name":"Structures: Resource Profiles","description":"These define constraints on FHIR resources for systems conforming to this implementation guide"},{"id":"-term-valueset","name":"Terminology: Value Sets","description":"These define sets of codes used by systems conforming to this implementation guide"},{"id":"-term-codesystem","name":"Terminology: Code Systems","description":"These define new code systems used by systems conforming to this implementation guide"},{"id":"-ex-example","name":"Example: Example Instances","description":"These are example instances that show what data produced and consumed by systems conforming with this implementation guide might look like"}],"resource":[{"extension":[{"url":"http://hl7.org/fhir/StructureDefinition/implementationguide-page","valueUri":"CodeSystem-GrupoEtnicoCS.html"}],"reference":{"reference":"CodeSystem/GrupoEtnicoCS"},"name":"Conjunto de Valores para Grupo Etnico","description":"Conjunto de Valores para Grupo Etnico","exampleBoolean":false,"groupingId":"-term-codesystem"},{"extension":[{"url":"http://hl7.org/fhir/StructureDefinition/implementationguide-page","valueUri":"CodeSystem-ModoVerificacionVacunaCS.html"}],"reference":{"reference":"CodeSystem/ModoVerificacionVacunaCS"},"name":"Modo de Verificacion de Vacuna","description":"Modo de Verificacion de Vacuna","exampleBoolean":false,"groupingId":"-term-codesystem"},{"extension":[{"url":"http://hl7.org/fhir/StructureDefinition/implementationguide-page","valueUri":"CodeSystem-EventoAdversoVacunaCS.html"}],"reference":{"reference":"CodeSystem/EventoAdversoVacunaCS"},"name":"Tipo de Evento Adverso de Vacuna","description":"Tipo de Evento de Adverso de Vacuna","exampleBoolean":false,"groupingId":"-term-codesystem"},{"extension":[{"url":"http://hl7.org/fhir/StructureDefinition/implementationguide-page","valueUri":"CodeSystem-ClasificacionDesenlaceCS.html"}],"reference":{"reference":"CodeSystem/ClasificacionDesenlaceCS"},"name":"Codigo de Clasificacion de Desenlace","description":"Codigo de Clasificacion de Desenlace","exampleBoolean":false,"groupingId":"-term-codesystem"},{"extension":[{"url":"http://hl7.org/fhir/StructureDefinition/implementationguide-page","valueUri":"CodeSystem-InvestigacionTipoCS.html"}],"reference":{"reference":"CodeSystem/InvestigacionTipoCS"},"name":"Tipo de Investigación Requerida","description":"Tipo de Investigación Requerida","exampleBoolean":false,"groupingId":"-term-codesystem"},{"extension":[{"url":"http://hl7.org/fhir/StructureDefinition/implementationguide-page","valueUri":"ValueSet-ModoVerificacionVacunaVS.html"}],"reference":{"reference":"ValueSet/ModoVerificacionVacunaVS"},"name":"Conjunto de Valores para Modo de Verificacion de Vacuna","description":"Conjunto de Valores para Modo de Verificacion de Vacuna","exampleBoolean":false,"groupingId":"-term-valueset"},{"extension":[{"url":"http://hl7.org/fhir/StructureDefinition/implementationguide-page","valueUri":"CodeSystem-ModoConfirmacionInfeccionCS.html"}],"reference":{"reference":"CodeSystem/ModoConfirmacionInfeccionCS"},"name":"Códigos para Modo de Confirmación de Infección","description":"Códigos para Modo de Confirmación de Infección","exampleBoolean":false,"groupingId":"-term-codesystem"},{"extension":[{"url":"http://hl7.org/fhir/StructureDefinition/implementationguide-page","valueUri":"ValueSet-EventoAdversoVacunaVS.html"}],"reference":{"reference":"ValueSet/EventoAdversoVacunaVS"},"name":"Conjunto de Valores para Tipo de Evento Adverso","description":"Conjunto de Valores para Tipo de Evento Adverso","exampleBoolean":false,"groupingId":"-term-valueset"},{"extension":[{"url":"http://hl7.org/fhir/StructureDefinition/implementationguide-page","valueUri":"ValueSet-EventoAdversoCodificacionVS.html"}],"reference":{"reference":"ValueSet/EventoAdversoCodificacionVS"},"name":"Conjunto de Valores para Codificacion Estandarizada de Evento Adverso","description":"Conjunto de Valores para Codificacion Estandarizada de Evento Adverso","exampleBoolean":false,"groupingId":"-term-valueset"},{"extension":[{"url":"http://hl7.org/fhir/StructureDefinition/implementationguide-page","valueUri":"ValueSet-ClasificacionDesenlaceVS.html"}],"reference":{"reference":"ValueSet/ClasificacionDesenlaceVS"},"name":"Conjunto de Valores para Clasificacion de Desenlace","description":"Conjunto de Valores para Clasificacion de Desenlace","exampleBoolean":false,"groupingId":"-term-valueset"},{"extension":[{"url":"http://hl7.org/fhir/StructureDefinition/implementationguide-page","valueUri":"ValueSet-InvestigacionTipoVS.html"}],"reference":{"reference":"ValueSet/InvestigacionTipoVS"},"name":"Conjunto de Valores para Tipo de Investigación","description":"Conjunto de Valores para Tipo de Investigación","exampleBoolean":false,"groupingId":"-term-valueset"},{"extension":[{"url":"http://hl7.org/fhir/StructureDefinition/implementationguide-page","valueUri":"CodeSystem-RespuestaVerdaderoFalsoCS.html"}],"reference":{"reference":"CodeSystem/RespuestaVerdaderoFalsoCS"},"name":"Conjunto de Valores Verdadero/Falso para Cuestionarios","description":"Conjunto de Valores Verdadero/Falso para Cuestionarios","exampleBoolean":false,"groupingId":"-term-codesystem"},{"extension":[{"url":"http://hl7.org/fhir/StructureDefinition/implementationguide-page","valueUri":"CodeSystem-RespuestaSiNoNosabeCS.html"}],"reference":{"reference":"CodeSystem/RespuestaSiNoNosabeCS"},"name":"Conjunto de Valores Si / No / No Sabe para Cuestionarios","description":"Conjunto de Valores Si / No / No Sabe para Cuestionarios","exampleBoolean":false,"groupingId":"-term-codesystem"},{"extension":[{"url":"http://hl7.org/fhir/StructureDefinition/implementationguide-page","valueUri":"ValueSet-RespuestaSiNoNosabeVS.html"}],"reference":{"reference":"ValueSet/RespuestaSiNoNosabeVS"},"name":"Conjunto de Valores Si / No / No Sabe para Cuestionarios","description":"Conjunto de Valores Si / No / No Sabe para Cuestionarios","exampleBoolean":false,"groupingId":"-term-valueset"},{"extension":[{"url":"http://hl7.org/fhir/StructureDefinition/implementationguide-page","valueUri":"ValueSet-GrupoEtnicoVS.html"}],"reference":{"reference":"ValueSet/GrupoEtnicoVS"},"name":"Conjunto de Valores Validos para Grupo Etnico","description":"Conjunto de Valores Validos para Grupo Etnico","exampleBoolean":false,"groupingId":"-term-valueset"},{"extension":[{"url":"http://hl7.org/fhir/StructureDefinition/implementationguide-page","valueUri":"ValueSet-RespuestaVerdaderoFalsoVS.html"}],"reference":{"reference":"ValueSet/RespuestaVerdaderoFalsoVS"},"name":"Conjunto de Valores Validos para Verdadero/Falso","description":"Conjunto de Valores Validos para Verdadero/Falso","exampleBoolean":false,"groupingId":"-term-valueset"},{"extension":[{"url":"http://hl7.org/fhir/StructureDefinition/implementationguide-page","valueUri":"ValueSet-ModoConfirmacionInfeccionVS.html"}],"reference":{"reference":"ValueSet/ModoConfirmacionInfeccionVS"},"name":"Conjunto de Valores Validos para Modo Confirmacion de Infeccion","description":"Conjunto de Valores Validos para Modo Confirmacion de Infeccion","exampleBoolean":false,"groupingId":"-term-valueset"},{"extension":[{"url":"http://hl7.org/fhir/StructureDefinition/implementationguide-page","valueUri":"StructureDefinition-esavi-response-antecedentes.html"}],"reference":{"reference":"StructureDefinition/esavi-response-antecedentes"},"name":"Antecedentes Persona Vacunada","description":"Perfil de Persona Vacunada","exampleBoolean":false,"groupingId":"-str-profile"},{"extension":[{"url":"http://hl7.org/fhir/StructureDefinition/implementationguide-page","valueUri":"StructureDefinition-Practitioner-esavi.html"}],"reference":{"reference":"StructureDefinition/Practitioner-esavi"},"name":"Persona Notificadora","description":"Perfil de Persona Notificadora","exampleBoolean":false,"groupingId":"-str-profile"},{"extension":[{"url":"http://hl7.org/fhir/StructureDefinition/implementationguide-page","valueUri":"StructureDefinition-Patient-esavi.html"}],"reference":{"reference":"StructureDefinition/Patient-esavi"},"name":"Paciente AEFI","description":"Perfil de Paciente AEFI","exampleBoolean":false,"groupingId":"-str-profile"},{"extension":[{"url":"http://hl7.org/fhir/StructureDefinition/implementationguide-page","valueUri":"StructureDefinition-Composition-esavi.html"}],"reference":{"reference":"StructureDefinition/Composition-esavi"},"name":"Documento para Notificación ESAVI","description":"Perfil de Documento para Notificación ESAVI","exampleBoolean":false,"groupingId":"-str-profile"},{"extension":[{"url":"http://hl7.org/fhir/StructureDefinition/implementationguide-page","valueUri":"StructureDefinition-NotificacionESAVI.html"}],"reference":{"reference":"StructureDefinition/NotificacionESAVI"},"name":"Modelo Logico de Notificacion ESAVI","description":"Modelo Logico de Notificacion ESAVI","exampleBoolean":false,"groupingId":"-str-logicalmodel"},{"extension":[{"url":"http://hl7.org/fhir/StructureDefinition/implementationguide-page","valueUri":"Composition-NotificacionESAVIEjemplo.html"}],"reference":{"reference":"Composition/NotificacionESAVIEjemplo"},"name":"Ejemplo de Reporte de Notificación ESAVI","description":"Ejemplo de Reporte de Notificación ESAVI","exampleBoolean":true,"groupingId":"-ex-example"},{"extension":[{"url":"http://hl7.org/fhir/StructureDefinition/implementationguide-page","valueUri":"Patient-PersonaAfectadaEjemplo.html"}],"reference":{"reference":"Patient/PersonaAfectadaEjemplo"},"name":"Ejemplo de Persona Afectada ESAVI","description":"Ejemplo de Persona Afectada ESAVI","exampleBoolean":true,"groupingId":"-ex-example"},{"extension":[{"url":"http://hl7.org/fhir/StructureDefinition/implementationguide-page","valueUri":"Practitioner-PersonaNotificadoraEjemplo.html"}],"reference":{"reference":"Practitioner/PersonaNotificadoraEjemplo"},"name":"Ejemplo de Persona Notificadora ESAVI","description":"Ejemplo de Persona Notificadora ESAVI","exampleBoolean":true,"groupingId":"-ex-example"},{"extension":[{"url":"http://hl7.org/fhir/StructureDefinition/implementationguide-page","valueUri":"QuestionnaireResponse-RespuestaAntecedentesEjemplo.html"}],"reference":{"reference":"QuestionnaireResponse/RespuestaAntecedentesEjemplo"},"name":"Ejemplo de Respuestas a Seccion de Antecedentes de Persona Vacunada","description":"Ejemplo de Respuestas a Seccion de Antecedentes de Persona Vacunada","exampleBoolean":true,"groupingId":"-ex-example"},{"extension":[{"url":"http://hl7.org/fhir/StructureDefinition/implementationguide-page","valueUri":"Questionnaire-EsaviCuestionarioCompleto.html"}],"reference":{"reference":"Questionnaire/EsaviCuestionarioCompleto"},"name":"Ejemplo de Definicion de Cuestionario ESAVI","description":"Ejemplo de Definicion de Cuestionario ESAVI","exampleBoolean":true,"groupingId":"-ex-example"},{"extension":[{"url":"http://hl7.org/fhir/StructureDefinition/implementationguide-page","valueUri":"QuestionnaireResponse-EsaviRespuestaCompleta.html"}],"reference":{"reference":"QuestionnaireResponse/EsaviRespuestaCompleta"},"name":"Ejemplo de Respuesta Completa a Cuestionario","description":"Ejemplo de Respuesta Completa a Cuestionario","exampleBoolean":true,"groupingId":"-ex-example"}],"page":{"nameUrl":"toc.html","title":"Table of Contents","generation":"html","page":[{"nameUrl":"index.html","title":"Home","generation":"markdown"},{"nameUrl":"objetivos.html","title":"Objetivos","generation":"markdown"},{"nameUrl":"actores.html","title":"Actores","generation":"markdown"},{"nameUrl":"informe_aefi.html","title":"Informe AEFI","generation":"markdown"},{"nameUrl":"recomendaciones.html","title":"Recomendaciones","generation":"markdown"},{"nameUrl":"descargas.html","title":"Descargas","generation":"markdown"},{"nameUrl":"operaciones.html","title":"Operaciones","generation":"markdown"},{"nameUrl":"sandbox.html","title":"Sandbox","generation":"markdown"},{"nameUrl":"seguridad.html","title":"Seguridad","generation":"markdown"},{"nameUrl":"terminologia.html","title":"Terminologia","generation":"markdown"},{"nameUrl":"artifacts.html","title":"Artifacts Summary","generation":"html","page":[{"nameUrl":"StructureDefinition-NotificacionESAVI.html","title":"Modelo Logico de Notificacion ESAVI","generation":"generated"},{"nameUrl":"StructureDefinition-esavi-response-antecedentes.html","title":"Antecedentes Persona Vacunada","generation":"generated"},{"nameUrl":"StructureDefinition-Practitioner-esavi.html","title":"Persona Notificadora","generation":"generated"},{"nameUrl":"StructureDefinition-Patient-esavi.html","title":"Paciente AEFI","generation":"generated"},{"nameUrl":"StructureDefinition-Composition-esavi.html","title":"Documento para Notificación ESAVI","generation":"generated"},{"nameUrl":"ValueSet-ModoVerificacionVacunaVS.html","title":"Conjunto de Valores para Modo de Verificacion de Vacuna","generation":"generated"},{"nameUrl":"ValueSet-EventoAdversoVacunaVS.html","title":"Conjunto de Valores para Tipo de Evento Adverso","generation":"generated"},{"nameUrl":"ValueSet-EventoAdversoCodificacionVS.html","title":"Conjunto de Valores para Codificacion Estandarizada de Evento Adverso","generation":"generated"},{"nameUrl":"ValueSet-ClasificacionDesenlaceVS.html","title":"Conjunto de Valores para Clasificacion de Desenlace","generation":"generated"},{"nameUrl":"ValueSet-InvestigacionTipoVS.html","title":"Conjunto de Valores para Tipo de Investigación","generation":"generated"},{"nameUrl":"ValueSet-RespuestaSiNoNosabeVS.html","title":"Conjunto de Valores Si / No / No Sabe para Cuestionarios","generation":"generated"},{"nameUrl":"ValueSet-GrupoEtnicoVS.html","title":"Conjunto de Valores Validos para Grupo Etnico","generation":"generated"},{"nameUrl":"ValueSet-RespuestaVerdaderoFalsoVS.html","title":"Conjunto de Valores Validos para Verdadero/Falso","generation":"generated"},{"nameUrl":"ValueSet-ModoConfirmacionInfeccionVS.html","title":"Conjunto de Valores Validos para Modo Confirmacion de Infeccion","generation":"generated"},{"nameUrl":"CodeSystem-GrupoEtnicoCS.html","title":"Conjunto de Valores para Grupo Etnico","generation":"generated"},{"nameUrl":"CodeSystem-ModoVerificacionVacunaCS.html","title":"Modo de Verificacion de Vacuna","generation":"generated"},{"nameUrl":"CodeSystem-EventoAdversoVacunaCS.html","title":"Tipo de Evento Adverso de Vacuna","generation":"generated"},{"nameUrl":"CodeSystem-ClasificacionDesenlaceCS.html","title":"Codigo de Clasificacion de Desenlace","generation":"generated"},{"nameUrl":"CodeSystem-InvestigacionTipoCS.html","title":"Tipo de Investigación Requerida","generation":"generated"},{"nameUrl":"CodeSystem-ModoConfirmacionInfeccionCS.html","title":"Códigos para Modo de Confirmación de Infección","generation":"generated"},{"nameUrl":"CodeSystem-RespuestaVerdaderoFalsoCS.html","title":"Conjunto de Valores Verdadero/Falso para Cuestionarios","generation":"generated"},{"nameUrl":"CodeSystem-RespuestaSiNoNosabeCS.html","title":"Conjunto de Valores Si / No / No Sabe para Cuestionarios","generation":"generated"},{"nameUrl":"Composition-NotificacionESAVIEjemplo.html","title":"Ejemplo de Reporte de Notificación ESAVI","generation":"generated"},{"nameUrl":"Patient-PersonaAfectadaEjemplo.html","title":"Ejemplo de Persona Afectada ESAVI","generation":"generated"},{"nameUrl":"Practitioner-PersonaNotificadoraEjemplo.html","title":"Ejemplo de Persona Notificadora ESAVI","generation":"generated"},{"nameUrl":"QuestionnaireResponse-RespuestaAntecedentesEjemplo.html","title":"Ejemplo de Respuestas a Seccion de Antecedentes de Persona Vacunada","generation":"generated"},{"nameUrl":"Questionnaire-EsaviCuestionarioCompleto.html","title":"Ejemplo de Definicion de Cuestionario ESAVI","generation":"generated"},{"nameUrl":"QuestionnaireResponse-EsaviRespuestaCompleta.html","title":"Ejemplo de Respuesta Completa a Cuestionario","generation":"generated"}]}]},"parameter":[{"code":"path-resource","value":"input/capabilities"},{"code":"path-resource","value":"input/examples"},{"code":"path-resource","value":"input/extensions"},{"code":"path-resource","value":"input/models"},{"code":"path-resource","value":"input/operations"},{"code":"path-resource","value":"input/profiles"},{"code":"path-resource","value":"input/resources"},{"code":"path-resource","value":"input/vocabulary"},{"code":"path-resource","value":"input/maps"},{"code":"path-resource","value":"input/testing"},{"code":"path-resource","value":"input/history"},{"code":"path-resource","value":"fsh-generated/resources"},{"code":"path-pages","value":"template/config"},{"code":"path-pages","value":"input/images"},{"code":"path-tx-cache","value":"input-cache/txcache"}]}}