{"resourceType":"ValueSet","id":"ModoVerificacionVacunaVS","text":{"status":"generated","div":"<div xmlns=\"http://www.w3.org/1999/xhtml\"><ul><li>Include all codes defined in <a href=\"CodeSystem-ModoVerificacionVacunaCS.html\"><code>http://paho.org/esavi/CodeSystem/ModoVerificacionVacunaCS</code></a></li></ul></div>"},"url":"http://paho.org/esavi/ValueSet/ModoVerificacionVacunaVS","version":"0.5.0","name":"ModoVerificacionVacunaVS","title":"Modos de Verificacion de Vacuna","status":"active","date":"2021-10-03T10:17:18-03:00","publisher":"PAHO","contact":[{"name":"PAHO","telecom":[{"system":"url","value":"https://covid-19pharmacovigilance.paho.org"},{"system":"email","value":"privadadngiss@msal.gov.ar"}]}],"description":"Modos de Verificacion de Vacuna","compose":{"include":[{"system":"http://paho.org/esavi/CodeSystem/ModoVerificacionVacunaCS"}]}}