{
  "resourceType": "CodeSystem",
  "id": "InvestigacionTipoCS",
  "text": {
    "status": "generated",
    "div": "<div xmlns=\"http://www.w3.org/1999/xhtml\"><p>This code system http://paho.org/esavi/CodeSystem/InvestigacionTipoCS defines the following codes:</p><table class=\"codes\"><tr><td style=\"white-space:nowrap\"><b>Code</b></td><td><b>Display</b></td></tr><tr><td style=\"white-space:nowrap\">1<a name=\"InvestigacionTipoCS-1\"> </a></td><td>Concisa</td></tr><tr><td style=\"white-space:nowrap\">2<a name=\"InvestigacionTipoCS-2\"> </a></td><td>Completa</td></tr></table></div>"
  },
  "url": "http://paho.org/esavi/CodeSystem/InvestigacionTipoCS",
  "version": "0.5.0",
  "name": "InvestigacionTipoCS",
  "title": "Tipo de Investigación",
  "status": "active",
  "date": "2021-10-03T10:17:18-03:00",
  "publisher": "PAHO",
  "contact": [
    {
      "name": "PAHO",
      "telecom": [
        {
          "system": "url",
          "value": "https://covid-19pharmacovigilance.paho.org"
        },
        {
          "system": "email",
          "value": "privadadngiss@msal.gov.ar"
        }
      ]
    }
  ],
  "description": "Tipo de Investigación",
  "content": "complete",
  "count": 2,
  "concept": [
    {
      "code": "1",
      "display": "Concisa"
    },
    {
      "code": "2",
      "display": "Completa"
    }
  ]
}