{
  "resourceType": "CodeSystem",
  "id": "RespuestaSiNoNosabeCS",
  "text": {
    "status": "generated",
    "div": "<div xmlns=\"http://www.w3.org/1999/xhtml\"><p>This code system http://paho.org/esavi/CodeSystem/RespuestaSiNoNosabeCS defines the following codes:</p><table class=\"codes\"><tr><td style=\"white-space:nowrap\"><b>Code</b></td><td><b>Display</b></td></tr><tr><td style=\"white-space:nowrap\">1<a name=\"RespuestaSiNoNosabeCS-1\"> </a></td><td>Si</td></tr><tr><td style=\"white-space:nowrap\">2<a name=\"RespuestaSiNoNosabeCS-2\"> </a></td><td>No</td></tr><tr><td style=\"white-space:nowrap\">3<a name=\"RespuestaSiNoNosabeCS-3\"> </a></td><td>No sabe</td></tr></table></div>"
  },
  "url": "http://paho.org/esavi/CodeSystem/RespuestaSiNoNosabeCS",
  "version": "0.5.0",
  "name": "RespuestaSiNoNosabeCS",
  "title": "Respuestas Si/No/No Sabe",
  "status": "active",
  "date": "2021-10-03T10:17:18-03:00",
  "publisher": "PAHO",
  "contact": [
    {
      "name": "PAHO",
      "telecom": [
        {
          "system": "url",
          "value": "https://covid-19pharmacovigilance.paho.org"
        },
        {
          "system": "email",
          "value": "privadadngiss@msal.gov.ar"
        }
      ]
    }
  ],
  "description": "Respuestas Si/No/No Sabe",
  "content": "complete",
  "count": 3,
  "concept": [
    {
      "code": "1",
      "display": "Si"
    },
    {
      "code": "2",
      "display": "No"
    },
    {
      "code": "3",
      "display": "No sabe"
    }
  ]
}