{
  "resourceType": "QuestionnaireResponse",
  "id": "RespuestaAntecedentesEjemplo",
  "meta": {
    "profile": [
      "http://paho.org/esavi/StructureDefinition/esavi-response-antecedentes"
    ]
  },
  "text": {
    "status": "generated",
    "div": "<div xmlns=\"http://www.w3.org/1999/xhtml\"><p><b>Generated Narrative</b></p><p><b>questionnaire</b>: <a href=\"http://aefi.paho.org/questionnaire/ESAVI.antecedentes\">http://aefi.paho.org/questionnaire/ESAVI.antecedentes</a></p><p><b>status</b>: completed</p><p><b>subject</b>: <a href=\"Patient-PersonaAfectadaEjemplo.html\">Generated Summary: Alberto Afectado </a></p><blockquote><p><b>item</b></p><p><b>linkId</b>: i_AntecedentesMedicos</p><p><b>text</b>: Antecedentes Médicos</p><h3>Answers</h3><table class=\"grid\"><tr><td>-</td><td><b>Value[x]</b></td></tr><tr><td>*</td><td>Ejemplo de Antecedentes Medicos</td></tr></table></blockquote><blockquote><p><b>item</b></p><p><b>linkId</b>: i_AntecedentesPreviosSimilares</p><p><b>text</b>: Antecedentes Previos Similares</p><h3>Answers</h3><table class=\"grid\"><tr><td>-</td><td><b>Value[x]</b></td></tr><tr><td>*</td><td><span title=\"{http://terminology.hl7.org/CodeSystem/v2-0136 Yes}\">Yes</span></td></tr></table></blockquote><blockquote><p><b>item</b></p><p><b>linkId</b>: i_AntecedentesReaccionesAlergicasOtrasVacunas</p><p><b>text</b>: Antecedentes Reacciones Alergicas a Otras Vacunas</p><h3>Answers</h3><table class=\"grid\"><tr><td>-</td><td><b>Value[x]</b></td></tr><tr><td>*</td><td><span title=\"{http://terminology.hl7.org/CodeSystem/v2-0136 No}\">No</span></td></tr></table></blockquote><blockquote><p><b>item</b></p><p><b>linkId</b>: i_AntecedentesReaccionesAlergicasMedicamentos</p><p><b>text</b>: Antecedentes Reacciones Alergicas Medicamentos</p><h3>Answers</h3><table class=\"grid\"><tr><td>-</td><td><b>Value[x]</b></td></tr><tr><td>*</td><td><span title=\"{http://terminology.hl7.org/CodeSystem/v2-0136 No}\">No</span></td></tr></table></blockquote><blockquote><p><b>item</b></p><p><b>linkId</b>: i_AntecedentesReaccionesAlergicasMismaVacuna</p><p><b>text</b>: Antecedentes Reacciones Alergicas Misma Vacuna</p><h3>Answers</h3><table class=\"grid\"><tr><td>-</td><td><b>Value[x]</b></td></tr><tr><td>*</td><td><span title=\"{http://terminology.hl7.org/CodeSystem/v2-0136 No}\">No</span></td></tr></table></blockquote><blockquote><p><b>item</b></p><p><b>linkId</b>: i_AntecedentesSARSCov2</p><p><b>text</b>: Antecedentes SARS COV2</p><h3>Answers</h3><table class=\"grid\"><tr><td>-</td><td><b>Value[x]</b></td></tr><tr><td>*</td><td><span title=\"{http://terminology.hl7.org/CodeSystem/v2-0136 No}\">No</span></td></tr></table></blockquote><blockquote><p><b>item</b></p><p><b>linkId</b>: i_Asintomatica</p><p><b>text</b>: Asintomatica</p><h3>Answers</h3><table class=\"grid\"><tr><td>-</td><td><b>Value[x]</b></td></tr><tr><td>*</td><td><span title=\"{http://terminology.hl7.org/CodeSystem/v2-0136 No}\">No</span></td></tr></table></blockquote></div>"
  },
  "questionnaire": "http://aefi.paho.org/questionnaire/ESAVI.antecedentes",
  "status": "completed",
  "subject": {
    "reference": "Patient/PersonaAfectadaEjemplo"
  },
  "item": [
    {
      "linkId": "i_AntecedentesMedicos",
      "text": "Antecedentes Médicos",
      "answer": [
        {
          "valueString": "Ejemplo de Antecedentes Medicos"
        }
      ]
    },
    {
      "linkId": "i_AntecedentesPreviosSimilares",
      "text": "Antecedentes Previos Similares",
      "answer": [
        {
          "valueCoding": {
            "system": "http://terminology.hl7.org/CodeSystem/v2-0136",
            "code": "Yes"
          }
        }
      ]
    },
    {
      "linkId": "i_AntecedentesReaccionesAlergicasOtrasVacunas",
      "text": "Antecedentes Reacciones Alergicas a Otras Vacunas",
      "answer": [
        {
          "valueCoding": {
            "system": "http://terminology.hl7.org/CodeSystem/v2-0136",
            "code": "No"
          }
        }
      ]
    },
    {
      "linkId": "i_AntecedentesReaccionesAlergicasMedicamentos",
      "text": "Antecedentes Reacciones Alergicas Medicamentos",
      "answer": [
        {
          "valueCoding": {
            "system": "http://terminology.hl7.org/CodeSystem/v2-0136",
            "code": "No"
          }
        }
      ]
    },
    {
      "linkId": "i_AntecedentesReaccionesAlergicasMismaVacuna",
      "text": "Antecedentes Reacciones Alergicas Misma Vacuna",
      "answer": [
        {
          "valueCoding": {
            "system": "http://terminology.hl7.org/CodeSystem/v2-0136",
            "code": "No"
          }
        }
      ]
    },
    {
      "linkId": "i_AntecedentesSARSCov2",
      "text": "Antecedentes SARS COV2",
      "answer": [
        {
          "valueCoding": {
            "system": "http://terminology.hl7.org/CodeSystem/v2-0136",
            "code": "No"
          }
        }
      ]
    },
    {
      "linkId": "i_Asintomatica",
      "text": "Asintomatica",
      "answer": [
        {
          "valueCoding": {
            "system": "http://terminology.hl7.org/CodeSystem/v2-0136",
            "code": "No"
          }
        }
      ]
    }
  ]
}